,Lithology_(main),Hydrocarbon_type_(main),Tectonic_regime,Structural_setting,Region,Permeability_(air_average_mD),Porosity_(matrix_average_%),Depth_(top_reservoir_ft_TVD),Thickness_(gross_average_ft),Thickness_(net_pay_average_ft),Reservoir_period
0,CHALK,CHALKY LIMESTONE,BASEMENT,LOW-RESISTIVITY SANDSTONE,CHALKY LIMESTONE,161.0,5.05,6288.5,245.0,205.0,DOLOMITIC LIMESTONE
1,SANDSTONE,DIATOMITE,BASEMENT,CHALKY LIMESTONE,CHERT,161.0,12.65,5153.499999999999,46.5,29.75,DIATOMITE
2,LIMESTONE,CHALKY LIMESTONE,CHALKY LIMESTONE,DOLOMITE,CHALK,850.0,26.25,6288.5,46.5,11.5,DIATOMITE
3,SILTSTONE,CHALKY LIMESTONE,BASEMENT,DOLOMITIC LIMESTONE,DIATOMITE,361.0,22.75,15389.0,1152.0,1700.5,CHERT
4,SANDSTONE,CHERT,BASEMENT,CHERT,CHERT,161.0,22.75,15389.0,7000.0,337.5,DIATOMITE
5,SANDSTONE,DIATOMITE,CHALKY LIMESTONE,DOLOMITE,CHALKY LIMESTONE,361.0,20.0,8763.5,1152.0,205.0,DOLOMITIC LIMESTONE
6,SANDSTONE,DIATOMITE,CHALKY LIMESTONE,DOLOMITE,BASEMENT,361.0,20.0,8763.5,7000.0,1700.5,DOLOMITIC LIMESTONE
7,SANDSTONE,DIATOMITE,CONGLOMERATE,CONGLOMERATE,CHALK,161.0,15.0,4089.999999999999,101.0,71.5,DIATOMITE
8,SANDSTONE,DIATOMITE,BASEMENT,CHALKY LIMESTONE,DOLOMITE,75.0,17.5,7513.5,101.0,29.75,CONGLOMERATE
9,SANDSTONE,DIATOMITE,BASEMENT,CHALKY LIMESTONE,DOLOMITE,161.0,17.5,4089.999999999999,46.5,11.5,DOLOMITIC LIMESTONE
10,DOLOMITE,DIATOMITE,DIATOMITE,SANDSTONE,CHALKY LIMESTONE,14.0,12.65,7513.5,676.9999999999999,1700.5,DOLOMITIC LIMESTONE
11,SANDSTONE,CHALKY LIMESTONE,CONGLOMERATE,CONGLOMERATE,CHERT,361.0,17.5,4089.999999999999,101.0,48.25,CHERT
12,SANDSTONE,DIATOMITE,CONGLOMERATE,DOLOMITIC LIMESTONE,CHALK,4350.0,22.75,6288.5,475.0,29.75,DIATOMITE
13,LIMESTONE,DIATOMITE,BASEMENT,CHERT,DOLOMITE,35.0,17.5,5153.499999999999,101.0,71.5,CHERT
14,LIMESTONE,DIATOMITE,BASEMENT,CHALKY LIMESTONE,DOLOMITE,75.0,10.15,10170.0,676.9999999999999,205.0,CHERT
15,CHALKY LIMESTONE,DIATOMITE,BASEMENT,CHALKY LIMESTONE,DOLOMITE,161.0,26.25,7513.5,475.0,337.5,SHALY SANDSTONE
16,LIMESTONE,DIATOMITE,CHALKY LIMESTONE,DOLOMITE,CHALK,14.0,10.15,2960.5,676.9999999999999,205.0,DIATOMITE
17,SANDSTONE,CHERT,CHALKY LIMESTONE,DIATOMITE,CHALK,14.0,20.0,7513.5,7000.0,1700.5,CHERT
18,DOLOMITE,DIATOMITE,CONGLOMERATE,DOLOMITIC LIMESTONE,CHALK,14.0,5.05,15389.0,1152.0,101.5,DIATOMITE
19,DOLOMITE,DIATOMITE,CHALKY LIMESTONE,CHERT,CHALK,75.0,12.65,8763.5,7000.0,337.5,SILTSTONE
20,SANDSTONE,DIATOMITE,BASEMENT,CHALKY LIMESTONE,DOLOMITE,161.0,22.75,2960.5,160.0,48.25,CONGLOMERATE
21,SANDSTONE,DIATOMITE,CHERT,CHALK,DOLOMITE,75.0,15.0,7513.5,475.0,337.5,CHERT
22,SANDSTONE,DIATOMITE,CHALKY LIMESTONE,DOLOMITE,CONGLOMERATE,35.0,15.0,8763.5,245.0,205.0,CHERT
23,DOLOMITE,DIATOMITE,CONGLOMERATE,DOLOMITIC LIMESTONE,CHALK,75.0,17.5,5153.499999999999,245.0,48.25,DIATOMITE
24,SANDSTONE,DIATOMITE,DIATOMITE,CHERT,DOLOMITE,75.0,26.25,1320.5,46.5,29.75,SANDSTONE
25,LIMESTONE,DIATOMITE,BASEMENT,LOW-RESISTIVITY SANDSTONE,CHALKY LIMESTONE,14.0,17.5,8763.5,1152.0,1700.5,DIATOMITE
26,SHALY SANDSTONE,CHALKY LIMESTONE,CONGLOMERATE,DOLOMITIC LIMESTONE,CHALK,361.0,26.25,7513.5,160.0,140.0,DIATOMITE
27,THINLY-BEDDED SANDSTONE,CHERT,CONGLOMERATE,DOLOMITIC LIMESTONE,CHALK,1.305,10.15,4089.999999999999,160.0,71.5,DIATOMITE
28,SANDSTONE,CHALKY LIMESTONE,CHERT,CHALK,DOLOMITE,5.3,20.0,5153.499999999999,345.0,29.75,LIMESTONE
29,CHALK,DIATOMITE,CONGLOMERATE,DOLOMITE,BASEMENT,161.0,22.75,8763.5,7000.0,1700.5,CHERT
30,SANDSTONE,DIATOMITE,BASEMENT,CHALKY LIMESTONE,DOLOMITE,35.0,17.5,4089.999999999999,101.0,48.25,CHALKY LIMESTONE
31,SANDSTONE,DIATOMITE,BASEMENT,CHALKY LIMESTONE,DOLOMITE,75.0,15.0,6288.5,46.5,11.5,DIATOMITE
32,SANDSTONE,CHALKY LIMESTONE,BASEMENT,CHALKY LIMESTONE,CHERT,5.3,10.15,5153.499999999999,160.0,48.25,DOLOMITIC LIMESTONE
33,DOLOMITE,CHERT,BASEMENT,CHALKY LIMESTONE,DOLOMITE,161.0,10.15,15389.0,345.0,140.0,CONGLOMERATE
34,CHALKY LIMESTONE,CHALKY LIMESTONE,CHERT,CHALK,DOLOMITE,1.305,10.15,2960.5,475.0,140.0,SILTSTONE
35,SANDSTONE,CHERT,CHALKY LIMESTONE,DOLOMITE,CHALK,35.0,17.5,15389.0,245.0,205.0,SANDSTONE
36,DOLOMITE,DIATOMITE,BASEMENT,CHALKY LIMESTONE,CHERT,75.0,17.5,4089.999999999999,676.9999999999999,140.0,CHALKY LIMESTONE
37,SHALY SANDSTONE,CHALKY LIMESTONE,CONGLOMERATE,CONGLOMERATE,CHERT,161.0,17.5,1320.5,345.0,337.5,CONGLOMERATE
38,SANDSTONE,DIATOMITE,CONGLOMERATE,CONGLOMERATE,CHALKY LIMESTONE,850.0,26.25,4089.999999999999,7000.0,1700.5,CHERT
39,SANDSTONE,DIATOMITE,BASEMENT,CHALKY LIMESTONE,CHERT,850.0,22.75,1320.5,101.0,71.5,DIATOMITE
40,SANDSTONE,DIATOMITE,DIATOMITE,CONGLOMERATE,CHERT,850.0,26.25,1320.5,7000.0,205.0,SHALE
41,SHALE,DIATOMITE,CHERT,CHALK,DOLOMITE,5.3,22.75,1320.5,676.9999999999999,205.0,CHERT
42,SANDSTONE,CHERT,CHERT,DOLOMITIC LIMESTONE,DIATOMITE,5.3,17.5,15389.0,676.9999999999999,101.5,CHERT
43,SANDSTONE,CHALKY LIMESTONE,CHERT,CHALK,CHALKY LIMESTONE,75.0,10.15,15389.0,676.9999999999999,337.5,BASEMENT
44,SANDSTONE,DIATOMITE,BASEMENT,CHERT,DOLOMITE,361.0,26.25,1320.5,46.5,29.75,CHERT
45,DOLOMITE,DIATOMITE,CONGLOMERATE,CONGLOMERATE,CHALKY LIMESTONE,1.305,5.05,10170.0,7000.0,337.5,DIATOMITE
46,DOLOMITE,DIATOMITE,CONGLOMERATE,CHALK,DOLOMITE,14.0,12.65,4089.999999999999,475.0,48.25,SANDSTONE
47,SANDSTONE,CHALK,CHERT,CHALK,CHALKY LIMESTONE,161.0,12.65,10170.0,245.0,205.0,LIMESTONE
48,LIMESTONE,DIATOMITE,CHERT,CHALK,CHALKY LIMESTONE,14.0,22.75,2960.5,46.5,48.25,LIMESTONE
49,LIMESTONE,CHALKY LIMESTONE,BASEMENT,CHALKY LIMESTONE,DOLOMITE,35.0,17.5,4089.999999999999,160.0,48.25,CHERT
50,CHALKY LIMESTONE,DIATOMITE,BASEMENT,CHALKY LIMESTONE,DIATOMITE,5.3,26.25,2960.5,345.0,337.5,CHERT
51,SANDSTONE,DIATOMITE,CONGLOMERATE,DOLOMITE,CHALKY LIMESTONE,75.0,26.25,6288.5,160.0,11.5,DOLOMITIC LIMESTONE
52,DOLOMITIC LIMESTONE,DIATOMITE,CHALKY LIMESTONE,DOLOMITE,BASEMENT,75.0,41.5,15389.0,160.0,29.75,CHALK
53,DOLOMITE,DIATOMITE,CHERT,CHALK,DOLOMITE,14.0,15.0,15389.0,160.0,48.25,SANDSTONE
54,DOLOMITE,DIATOMITE,BASEMENT,CHALKY LIMESTONE,CHALKY LIMESTONE,5.3,5.05,6288.5,1152.0,1700.5,LIMESTONE
55,SANDSTONE,DIATOMITE,BASEMENT,DOLOMITIC LIMESTONE,DIATOMITE,4350.0,41.5,5153.499999999999,245.0,29.75,CHERT
56,DOLOMITE,DIATOMITE,CHERT,CHALK,DOLOMITE,5.3,5.05,1320.5,7000.0,337.5,CONGLOMERATE
57,LOW-RESISTIVITY SANDSTONE,DIATOMITE,DIATOMITE,CHERT,DOLOMITE,161.0,22.75,4089.999999999999,7000.0,1700.5,CONGLOMERATE
58,CONGLOMERATE,CHALKY LIMESTONE,CHERT,CHALK,BASEMENT,4350.0,41.5,5153.499999999999,160.0,101.5,CHERT
59,SANDSTONE,DIATOMITE,CHALKY LIMESTONE,DOLOMITE,CHALKY LIMESTONE,4350.0,26.25,7513.5,160.0,48.25,DOLOMITIC LIMESTONE
60,SANDSTONE,CHERT,BASEMENT,CONGLOMERATE,CHERT,161.0,17.5,7513.5,345.0,11.5,DIATOMITE
61,SANDSTONE,DIATOMITE,BASEMENT,CHALKY LIMESTONE,DOLOMITE,161.0,22.75,4089.999999999999,101.0,71.5,CHERT
62,SANDSTONE,CHALKY LIMESTONE,CONGLOMERATE,DOLOMITE,CHALKY LIMESTONE,75.0,15.0,8763.5,7000.0,140.0,DOLOMITIC LIMESTONE
63,LIMESTONE,CHALKY LIMESTONE,CONGLOMERATE,CONGLOMERATE,CHALKY LIMESTONE,5.3,15.0,4089.999999999999,345.0,140.0,CHERT
64,CHALK,DIATOMITE,BASEMENT,CHALKY LIMESTONE,DOLOMITE,75.0,15.0,1320.5,1152.0,205.0,CHERT
65,SANDSTONE,DIATOMITE,CHALKY LIMESTONE,CHALKY LIMESTONE,DOLOMITE,4350.0,20.0,8763.5,101.0,71.5,SANDSTONE
66,DOLOMITE,DIATOMITE,CONGLOMERATE,DOLOMITE,CHALK,14.0,10.15,1320.5,46.5,29.75,CHERT
67,SANDSTONE,CHALKY LIMESTONE,CHALKY LIMESTONE,DOLOMITE,BASEMENT,361.0,41.5,6288.5,7000.0,337.5,CHERT
68,LIMESTONE,DIATOMITE,BASEMENT,GLAUCONITIC SANDSTONE,CHERT,161.0,20.0,8763.5,676.9999999999999,1700.5,CHERT
69,LIMESTONE,DIATOMITE,BASEMENT,CHALKY LIMESTONE,DOLOMITE,161.0,12.65,6288.5,245.0,11.5,CHERT
70,SANDSTONE,DIATOMITE,DIATOMITE,LOW-RESISTIVITY SANDSTONE,CONGLOMERATE,361.0,15.0,10170.0,475.0,337.5,DOLOMITIC LIMESTONE
71,SANDSTONE,DIATOMITE,BASEMENT,CHALKY LIMESTONE,DOLOMITE,4350.0,26.25,2960.5,101.0,101.5,CHERT
72,SANDSTONE,DIATOMITE,CONGLOMERATE,DOLOMITE,CHALK,850.0,12.65,15389.0,345.0,101.5,CHERT
73,LIMESTONE,DIATOMITE,CHERT,DOLOMITIC LIMESTONE,CONGLOMERATE,850.0,26.25,6288.5,676.9999999999999,140.0,DOLOMITIC LIMESTONE
74,SANDSTONE,CHALKY LIMESTONE,CONGLOMERATE,CONGLOMERATE,CHALK,75.0,10.15,2960.5,345.0,11.5,DIATOMITE
75,LIMESTONE,DIATOMITE,BASEMENT,CHALKY LIMESTONE,CHERT,35.0,41.5,5153.499999999999,345.0,337.5,CHALKY LIMESTONE
76,LIMESTONE,CHALKY LIMESTONE,DIATOMITE,SANDSTONE,CHALKY LIMESTONE,1.305,5.05,5153.499999999999,101.0,71.5,DOLOMITIC LIMESTONE
77,SANDSTONE,DIATOMITE,BASEMENT,CHALKY LIMESTONE,CHALKY LIMESTONE,4350.0,41.5,1320.5,1152.0,1700.5,CHALKY LIMESTONE
78,CHALKY LIMESTONE,CHERT,CHALKY LIMESTONE,DOLOMITE,CHALKY LIMESTONE,14.0,10.15,8763.5,676.9999999999999,337.5,DOLOMITIC LIMESTONE
79,SANDSTONE,DIATOMITE,DIATOMITE,SANDSTONE,DOLOMITE,850.0,17.5,7513.5,676.9999999999999,101.5,DIATOMITE
80,SANDSTONE,DIATOMITE,BASEMENT,GLAUCONITIC SANDSTONE,CHERT,361.0,41.5,5153.499999999999,345.0,29.75,SHALE
81,SANDSTONE,DIATOMITE,BASEMENT,CHALKY LIMESTONE,CONGLOMERATE,5.3,20.0,1320.5,7000.0,337.5,CHERT
82,SANDSTONE,DIATOMITE,BASEMENT,CHALKY LIMESTONE,DOLOMITE,4350.0,22.75,2960.5,245.0,140.0,LIMESTONE
83,SANDSTONE,CHALKY LIMESTONE,DIATOMITE,SANDSTONE,DOLOMITE,1.305,5.05,5153.499999999999,46.5,29.75,SILTSTONE
84,LIMESTONE,CHALKY LIMESTONE,CHERT,DIATOMITE,DOLOMITE,35.0,10.15,7513.5,245.0,48.25,CONGLOMERATE
85,SANDSTONE,DIATOMITE,CONGLOMERATE,GLAUCONITIC SANDSTONE,CHALK,161.0,10.15,10170.0,160.0,29.75,DIATOMITE
86,DOLOMITE,DIATOMITE,BASEMENT,CHALKY LIMESTONE,DIATOMITE,850.0,26.25,8763.5,345.0,205.0,CHERT
87,SANDSTONE,DIATOMITE,BASEMENT,DOLOMITIC LIMESTONE,DIATOMITE,4350.0,17.5,10170.0,245.0,29.75,DIATOMITE
88,SANDSTONE,DIATOMITE,CONGLOMERATE,CONGLOMERATE,CHERT,35.0,12.65,4089.999999999999,1152.0,1700.5,CHERT
89,SANDSTONE,DIATOMITE,BASEMENT,CHALKY LIMESTONE,DOLOMITE,35.0,10.15,7513.5,46.5,11.5,CHALKY LIMESTONE
90,CHERT,DIATOMITE,DIATOMITE,BASEMENT,CHALKY LIMESTONE,1.305,20.0,4089.999999999999,7000.0,140.0,CHERT
91,DOLOMITE,DIATOMITE,CONGLOMERATE,DOLOMITE,CHALKY LIMESTONE,1.305,5.05,8763.5,676.9999999999999,205.0,LIMESTONE
92,SANDSTONE,DIATOMITE,BASEMENT,CHALKY LIMESTONE,DOLOMITE,75.0,20.0,8763.5,46.5,29.75,SANDSTONE
93,DOLOMITE,CHERT,BASEMENT,CHALKY LIMESTONE,DOLOMITE,161.0,10.15,15389.0,160.0,101.5,DIATOMITE
94,SANDSTONE,CHALKY LIMESTONE,BASEMENT,CHALKY LIMESTONE,DOLOMITE,850.0,22.75,15389.0,345.0,11.5,SANDSTONE
95,SANDSTONE,CHALKY LIMESTONE,CHERT,DOLOMITIC LIMESTONE,DIATOMITE,75.0,17.5,8763.5,160.0,29.75,DIATOMITE
96,SANDSTONE,CHALKY LIMESTONE,BASEMENT,CHALKY LIMESTONE,DOLOMITE,1.305,10.15,8763.5,46.5,11.5,CHERT
97,SANDSTONE,DIATOMITE,DIATOMITE,SANDSTONE,CHALKY LIMESTONE,4350.0,26.25,7513.5,676.9999999999999,101.5,DOLOMITIC LIMESTONE
98,LIMESTONE,DIATOMITE,BASEMENT,CHALKY LIMESTONE,DOLOMITE,35.0,10.15,10170.0,245.0,140.0,CHERT
99,SANDSTONE,DIATOMITE,CHALKY LIMESTONE,GLAUCONITIC SANDSTONE,BASEMENT,4350.0,26.25,7513.5,345.0,205.0,DOLOMITIC LIMESTONE
100,SANDSTONE,DIATOMITE,BASEMENT,CHALKY LIMESTONE,DOLOMITE,14.0,15.0,6288.5,46.5,11.5,DIATOMITE
101,THINLY-BEDDED SANDSTONE,CHERT,CONGLOMERATE,CONGLOMERATE,CHALKY LIMESTONE,4350.0,26.25,8763.5,7000.0,1700.5,DOLOMITIC LIMESTONE
102,SANDSTONE,DIATOMITE,CONGLOMERATE,CONGLOMERATE,CHALKY LIMESTONE,361.0,20.0,7513.5,245.0,140.0,DOLOMITIC LIMESTONE
103,SANDSTONE,DIATOMITE,BASEMENT,LOW-RESISTIVITY SANDSTONE,CHALK,850.0,17.5,1320.5,160.0,71.5,DIATOMITE
104,THINLY-BEDDED SANDSTONE,DIATOMITE,BASEMENT,CHALKY LIMESTONE,DOLOMITE,4350.0,26.25,5153.499999999999,475.0,101.5,DIATOMITE
105,LIMESTONE,DIATOMITE,BASEMENT,CHALKY LIMESTONE,DOLOMITE,35.0,17.5,5153.499999999999,676.9999999999999,337.5,SANDSTONE
106,DOLOMITE,DIATOMITE,CONGLOMERATE,DOLOMITE,CHALKY LIMESTONE,5.3,15.0,1320.5,1152.0,101.5,SHALE
107,DOLOMITIC LIMESTONE,DIATOMITE,BASEMENT,CHALKY LIMESTONE,DOLOMITE,5.3,10.15,2960.5,160.0,71.5,CHERT
108,SANDSTONE,DIATOMITE,BASEMENT,CHERT,DOLOMITE,850.0,12.65,7513.5,46.5,29.75,CONGLOMERATE
109,SHALY SANDSTONE,DIATOMITE,CHALKY LIMESTONE,DIATOMITE,CONGLOMERATE,1.305,15.0,6288.5,160.0,71.5,CHERT
110,LIMESTONE,CHALKY LIMESTONE,CONGLOMERATE,CONGLOMERATE,CHALKY LIMESTONE,14.0,17.5,1320.5,101.0,71.5,DOLOMITIC LIMESTONE
111,CHALK,CHERT,CHALKY LIMESTONE,DIATOMITE,CHALK,1.305,41.5,2960.5,7000.0,1700.5,DIATOMITE
112,DOLOMITE,DIATOMITE,BASEMENT,SANDSTONE,DOLOMITE,35.0,17.5,1320.5,345.0,205.0,CHALKY LIMESTONE
113,DOLOMITE,DIATOMITE,CHERT,DOLOMITIC LIMESTONE,CONGLOMERATE,850.0,26.25,6288.5,7000.0,1700.5,DOLOMITIC LIMESTONE
114,SANDSTONE,DIATOMITE,CHERT,CHALK,DOLOMITE,850.0,17.5,4089.999999999999,475.0,140.0,DOLOMITIC LIMESTONE
115,SANDSTONE,DIATOMITE,BASEMENT,LOW-RESISTIVITY SANDSTONE,DOLOMITE,35.0,17.5,1320.5,7000.0,337.5,SANDSTONE
116,LOW-RESISTIVITY SANDSTONE,DIATOMITE,BASEMENT,CHALKY LIMESTONE,DOLOMITE,161.0,26.25,2960.5,46.5,11.5,DIATOMITE
117,SANDSTONE,DIATOMITE,CHERT,CHALK,CHALKY LIMESTONE,161.0,10.15,4089.999999999999,7000.0,1700.5,DOLOMITIC LIMESTONE
118,SANDSTONE,DIATOMITE,BASEMENT,SANDSTONE,CONGLOMERATE,35.0,12.65,6288.5,475.0,140.0,DOLOMITIC LIMESTONE
119,LIMESTONE,DIATOMITE,BASEMENT,CHALKY LIMESTONE,DIATOMITE,361.0,22.75,4089.999999999999,245.0,48.25,CHERT
120,LIMESTONE,CHALKY LIMESTONE,BASEMENT,GLAUCONITIC SANDSTONE,CHERT,1.305,12.65,6288.5,1152.0,101.5,CONGLOMERATE
121,DOLOMITE,CHERT,CHALKY LIMESTONE,DIATOMITE,CHALKY LIMESTONE,4350.0,12.65,15389.0,345.0,140.0,DOLOMITIC LIMESTONE
122,LIMESTONE,DIATOMITE,BASEMENT,LOW-RESISTIVITY SANDSTONE,CHALKY LIMESTONE,850.0,26.25,5153.499999999999,7000.0,101.5,SHALE
123,SANDSTONE,CHALKY LIMESTONE,BASEMENT,LOW-RESISTIVITY SANDSTONE,CONGLOMERATE,35.0,15.0,5153.499999999999,1152.0,1700.5,CHERT
124,DOLOMITE,CHERT,CONGLOMERATE,CHALKY LIMESTONE,DOLOMITE,1.305,5.05,15389.0,160.0,101.5,CHALKY LIMESTONE
125,DOLOMITE,DIATOMITE,BASEMENT,CHALKY LIMESTONE,DOLOMITE,14.0,10.15,2960.5,345.0,48.25,CHERT
126,LIMESTONE,DIATOMITE,CONGLOMERATE,CONGLOMERATE,CHALKY LIMESTONE,14.0,22.75,4089.999999999999,160.0,11.5,CHERT
127,CONGLOMERATE,DIATOMITE,DIATOMITE,CHERT,DOLOMITE,161.0,10.15,6288.5,7000.0,1700.5,CONGLOMERATE
128,LIMESTONE,DIATOMITE,CHALKY LIMESTONE,DOLOMITE,CHALK,14.0,26.25,4089.999999999999,101.0,71.5,DIATOMITE
129,SANDSTONE,DIATOMITE,BASEMENT,CHALKY LIMESTONE,DOLOMITE,75.0,26.25,2960.5,101.0,48.25,DIATOMITE
130,DOLOMITE,CHALKY LIMESTONE,CHALKY LIMESTONE,DOLOMITE,CHALKY LIMESTONE,1.305,5.05,8763.5,7000.0,205.0,DOLOMITIC LIMESTONE
131,SANDSTONE,DIATOMITE,CHALKY LIMESTONE,GLAUCONITIC SANDSTONE,BASEMENT,35.0,17.5,10170.0,245.0,205.0,CHALKY LIMESTONE
132,SANDSTONE,DIATOMITE,BASEMENT,CHALKY LIMESTONE,DOLOMITE,75.0,12.65,5153.499999999999,46.5,11.5,SANDSTONE
133,SANDSTONE,DIATOMITE,CHERT,GLAUCONITIC SANDSTONE,DOLOMITE,14.0,22.75,5153.499999999999,245.0,11.5,CHALKY LIMESTONE
134,SANDSTONE,DIATOMITE,CHALKY LIMESTONE,DOLOMITE,BASEMENT,4350.0,41.5,2960.5,101.0,71.5,CHERT
135,SANDSTONE,DIATOMITE,BASEMENT,LOW-RESISTIVITY SANDSTONE,CHALKY LIMESTONE,161.0,15.0,15389.0,7000.0,1700.5,DOLOMITIC LIMESTONE
136,SANDSTONE,DIATOMITE,BASEMENT,CHALKY LIMESTONE,DOLOMITE,75.0,17.5,2960.5,101.0,71.5,SANDSTONE
137,DOLOMITE,DIATOMITE,BASEMENT,CHALKY LIMESTONE,DIATOMITE,850.0,26.25,5153.499999999999,245.0,205.0,DIATOMITE
138,DOLOMITIC LIMESTONE,CHERT,CHALKY LIMESTONE,DOLOMITE,CHALK,75.0,15.0,15389.0,475.0,205.0,SANDSTONE
139,SANDSTONE,DIATOMITE,CONGLOMERATE,CONGLOMERATE,CHALKY LIMESTONE,161.0,22.75,6288.5,160.0,101.5,LIMESTONE
140,SANDSTONE,DIATOMITE,BASEMENT,LOW-RESISTIVITY SANDSTONE,CONGLOMERATE,161.0,20.0,1320.5,7000.0,1700.5,CHERT
141,DOLOMITE,CHALKY LIMESTONE,CONGLOMERATE,DOLOMITE,BASEMENT,35.0,10.15,8763.5,7000.0,1700.5,CHALK
142,SANDSTONE,DIATOMITE,CHALKY LIMESTONE,DOLOMITE,BASEMENT,161.0,10.15,8763.5,7000.0,337.5,DOLOMITIC LIMESTONE
143,SANDSTONE,DIATOMITE,CONGLOMERATE,CHALKY LIMESTONE,DOLOMITE,4350.0,41.5,1320.5,101.0,48.25,CHALKY LIMESTONE
144,SANDSTONE,DIATOMITE,CHERT,DOLOMITIC LIMESTONE,DOLOMITE,4350.0,22.75,6288.5,245.0,205.0,CHERT
145,SANDSTONE,DIATOMITE,BASEMENT,CHALKY LIMESTONE,DOLOMITE,75.0,10.15,6288.5,46.5,29.75,CHALKY LIMESTONE
146,SANDSTONE,DIATOMITE,CHALKY LIMESTONE,DOLOMITE,DOLOMITE,161.0,22.75,8763.5,676.9999999999999,1700.5,DOLOMITIC LIMESTONE
147,SANDSTONE,DIATOMITE,CONGLOMERATE,CHALKY LIMESTONE,DOLOMITE,161.0,22.75,1320.5,101.0,71.5,CHERT
148,SANDSTONE,DIATOMITE,CHALKY LIMESTONE,DOLOMITE,CHALKY LIMESTONE,4350.0,26.25,1320.5,160.0,71.5,DOLOMITIC LIMESTONE
149,LIMESTONE,CHERT,CHERT,CHALK,DOLOMITE,161.0,22.75,4089.999999999999,245.0,48.25,DIATOMITE
150,SANDSTONE,DIATOMITE,DOLOMITE,DIATOMITE,CHERT,161.0,12.65,10170.0,1152.0,1700.5,CHERT
151,SANDSTONE,DIATOMITE,BASEMENT,CHALKY LIMESTONE,DOLOMITE,361.0,41.5,1320.5,345.0,140.0,SHALY SANDSTONE
152,DOLOMITE,CHERT,CHALKY LIMESTONE,DOLOMITE,DOLOMITE,1.305,5.05,4089.999999999999,160.0,11.5,CHALKY LIMESTONE
153,SANDSTONE,CHALKY LIMESTONE,BASEMENT,CHALKY LIMESTONE,CHALKY LIMESTONE,75.0,26.25,15389.0,7000.0,71.5,LIMESTONE
154,SANDSTONE,DIATOMITE,BASEMENT,CHALKY LIMESTONE,DOLOMITE,161.0,22.75,2960.5,101.0,48.25,CHALKY LIMESTONE
155,SANDSTONE,DIATOMITE,CONGLOMERATE,CONGLOMERATE,CHALKY LIMESTONE,75.0,17.5,1320.5,676.9999999999999,337.5,LIMESTONE
156,SANDSTONE,DIATOMITE,BASEMENT,CHALKY LIMESTONE,DOLOMITE,850.0,26.25,2960.5,46.5,29.75,SANDSTONE
157,LIMESTONE,DIATOMITE,CONGLOMERATE,CONGLOMERATE,CHALK,14.0,17.5,2960.5,46.5,11.5,DIATOMITE
158,SANDSTONE,DIATOMITE,BASEMENT,CHERT,CHERT,35.0,17.5,8763.5,101.0,101.5,CONGLOMERATE
159,DOLOMITE,CHALKY LIMESTONE,BASEMENT,CHALKY LIMESTONE,CONGLOMERATE,1.305,5.05,15389.0,475.0,101.5,DOLOMITIC LIMESTONE
160,SANDSTONE,DIATOMITE,BASEMENT,CHERT,DOLOMITE,1.305,10.15,8763.5,46.5,11.5,CONGLOMERATE
161,DOLOMITE,CHERT,CHERT,DOLOMITIC LIMESTONE,DIATOMITE,161.0,12.65,4089.999999999999,46.5,48.25,SANDSTONE
162,SANDSTONE,DIATOMITE,BASEMENT,CHALKY LIMESTONE,DOLOMITE,850.0,41.5,1320.5,345.0,337.5,CHERT
163,LIMESTONE,DIATOMITE,CHERT,CHALK,DOLOMITE,35.0,17.5,7513.5,676.9999999999999,48.25,LIMESTONE
164,LIMESTONE,CHERT,BASEMENT,CHALKY LIMESTONE,DIATOMITE,35.0,26.25,5153.499999999999,245.0,140.0,DIATOMITE
165,DOLOMITE,DIATOMITE,BASEMENT,CHERT,CHERT,75.0,10.15,5153.499999999999,46.5,11.5,CONGLOMERATE
166,SANDSTONE,DIATOMITE,BASEMENT,CHALKY LIMESTONE,DOLOMITE,1.305,12.65,4089.999999999999,160.0,71.5,CHALKY LIMESTONE
167,THINLY-BEDDED SANDSTONE,DIATOMITE,CONGLOMERATE,DOLOMITE,CHALKY LIMESTONE,4350.0,26.25,7513.5,475.0,337.5,LIMESTONE
168,LIMESTONE,CHALKY LIMESTONE,CHALKY LIMESTONE,GLAUCONITIC SANDSTONE,BASEMENT,5.3,15.0,10170.0,345.0,140.0,CHERT
169,SANDSTONE,DIATOMITE,BASEMENT,CHERT,CHERT,361.0,26.25,1320.5,46.5,11.5,DIATOMITE
170,SANDSTONE,CHALKY LIMESTONE,CHALKY LIMESTONE,DOLOMITE,DOLOMITE,1.305,12.65,15389.0,1152.0,71.5,CHERT
171,SANDSTONE,DIATOMITE,BASEMENT,DOLOMITIC LIMESTONE,DIATOMITE,850.0,17.5,10170.0,245.0,205.0,CHERT
172,SANDSTONE,CHALKY LIMESTONE,CHALKY LIMESTONE,DOLOMITE,CHALKY LIMESTONE,75.0,15.0,8763.5,676.9999999999999,140.0,LIMESTONE
173,SANDSTONE,DIATOMITE,CHERT,DIATOMITE,BASEMENT,850.0,17.5,1320.5,475.0,101.5,CHERT
174,DOLOMITE,CHERT,BASEMENT,LOW-RESISTIVITY SANDSTONE,CONGLOMERATE,4350.0,12.65,2960.5,160.0,11.5,DOLOMITIC LIMESTONE
175,SANDSTONE,CHERT,CHALKY LIMESTONE,DOLOMITE,CHALK,14.0,15.0,15389.0,101.0,71.5,SILTSTONE
176,VOLCANICS,DIATOMITE,CONGLOMERATE,CONGLOMERATE,CHALK,850.0,5.05,8763.5,475.0,101.5,CHERT
177,THINLY-BEDDED SANDSTONE,DIATOMITE,BASEMENT,LOW-RESISTIVITY SANDSTONE,CHALKY LIMESTONE,4350.0,41.5,6288.5,345.0,140.0,CHERT
178,LIMESTONE,DIATOMITE,CONGLOMERATE,BASEMENT,CHALKY LIMESTONE,14.0,17.5,6288.5,676.9999999999999,337.5,DOLOMITIC LIMESTONE
179,SANDSTONE,DIATOMITE,BASEMENT,CHALKY LIMESTONE,DOLOMITE,850.0,26.25,2960.5,160.0,71.5,SHALY SANDSTONE
180,SANDSTONE,DIATOMITE,CHERT,CHALK,BASEMENT,361.0,41.5,7513.5,46.5,11.5,CHERT
181,SANDSTONE,DIATOMITE,CHALKY LIMESTONE,DOLOMITE,BASEMENT,4350.0,41.5,4089.999999999999,7000.0,1700.5,CHERT
182,SANDSTONE,CHERT,CHALKY LIMESTONE,DOLOMITE,CONGLOMERATE,850.0,26.25,6288.5,345.0,140.0,LIMESTONE
183,SANDSTONE,DIATOMITE,CONGLOMERATE,DOLOMITE,CHALKY LIMESTONE,35.0,15.0,8763.5,676.9999999999999,1700.5,GLAUCONITIC SANDSTONE
184,DOLOMITE,DIATOMITE,BASEMENT,DOLOMITIC LIMESTONE,DIATOMITE,5.3,10.15,10170.0,46.5,29.75,CHERT
185,SANDSTONE,DIATOMITE,CONGLOMERATE,CONGLOMERATE,CHALKY LIMESTONE,4350.0,41.5,1320.5,475.0,29.75,DIATOMITE
186,SANDSTONE,DIATOMITE,DIATOMITE,SANDSTONE,DOLOMITE,161.0,20.0,4089.999999999999,676.9999999999999,337.5,DIATOMITE
187,SANDSTONE,DIATOMITE,CHERT,CHALK,BASEMENT,4350.0,26.25,8763.5,46.5,29.75,LIMESTONE
188,SANDSTONE,DIATOMITE,CHALKY LIMESTONE,DOLOMITE,CHALK,850.0,26.25,5153.499999999999,475.0,205.0,CHERT
189,CHALKY LIMESTONE,DIATOMITE,DIATOMITE,SANDSTONE,CONGLOMERATE,14.0,17.5,15389.0,245.0,101.5,CHERT
190,LIMESTONE,DIATOMITE,CHERT,DOLOMITIC LIMESTONE,CHALK,14.0,10.15,10170.0,46.5,71.5,DIATOMITE
191,SHALY SANDSTONE,DIATOMITE,CONGLOMERATE,CONGLOMERATE,CHERT,1.305,12.65,10170.0,345.0,101.5,CHERT
192,DOLOMITE,DIATOMITE,DIATOMITE,CONGLOMERATE,CHERT,75.0,12.65,6288.5,46.5,11.5,DIATOMITE
193,SANDSTONE,DIATOMITE,DIATOMITE,SANDSTONE,CHALKY LIMESTONE,4350.0,41.5,1320.5,676.9999999999999,337.5,DOLOMITIC LIMESTONE
194,DOLOMITIC LIMESTONE,DIATOMITE,BASEMENT,CHALKY LIMESTONE,CHALKY LIMESTONE,75.0,17.5,4089.999999999999,676.9999999999999,1700.5,LIMESTONE
195,SANDSTONE,CHALK,CHERT,CHALK,DOLOMITE,35.0,20.0,4089.999999999999,345.0,11.5,CHERT
196,SANDSTONE,DIATOMITE,CHALKY LIMESTONE,DIATOMITE,CHALK,161.0,10.15,7513.5,101.0,29.75,CHERT
197,DOLOMITE,CHALKY LIMESTONE,BASEMENT,CHALKY LIMESTONE,DOLOMITE,35.0,10.15,10170.0,160.0,29.75,CHERT
198,LIMESTONE,DIATOMITE,CHALKY LIMESTONE,DOLOMITE,CHALK,14.0,15.0,2960.5,345.0,140.0,SANDSTONE
199,DOLOMITIC LIMESTONE,DIATOMITE,BASEMENT,LOW-RESISTIVITY SANDSTONE,DOLOMITE,5.3,10.15,4089.999999999999,676.9999999999999,1700.5,LIMESTONE
200,SANDSTONE,DIATOMITE,CONGLOMERATE,CONGLOMERATE,CHALK,161.0,10.15,5153.499999999999,101.0,11.5,CHERT
201,SANDSTONE,DIATOMITE,CHALKY LIMESTONE,DOLOMITE,CONGLOMERATE,5.3,12.65,15389.0,245.0,48.25,DOLOMITIC LIMESTONE
202,SANDSTONE,CHALKY LIMESTONE,BASEMENT,CHALKY LIMESTONE,DOLOMITE,35.0,15.0,6288.5,101.0,11.5,SANDSTONE
203,SANDSTONE,DIATOMITE,CHALKY LIMESTONE,DOLOMITE,CHALKY LIMESTONE,1.305,5.05,1320.5,245.0,101.5,DIATOMITE
204,SANDSTONE,DIATOMITE,CHERT,CHALK,DOLOMITE,75.0,26.25,2960.5,160.0,71.5,CHERT
205,LIMESTONE,DIATOMITE,CHERT,CHALK,DOLOMITE,14.0,22.75,7513.5,345.0,101.5,CHALKY LIMESTONE
206,SANDSTONE,CHALKY LIMESTONE,CHERT,DIATOMITE,BASEMENT,361.0,20.0,6288.5,46.5,48.25,CHERT
207,THINLY-BEDDED SANDSTONE,DIATOMITE,BASEMENT,LOW-RESISTIVITY SANDSTONE,CHALKY LIMESTONE,4350.0,41.5,8763.5,676.9999999999999,1700.5,CHERT
208,CHALK,DIATOMITE,CONGLOMERATE,DOLOMITE,BASEMENT,161.0,15.0,10170.0,101.0,11.5,CHERT
209,LIMESTONE,CHALKY LIMESTONE,DIATOMITE,SANDSTONE,BASEMENT,5.3,15.0,15389.0,1152.0,205.0,DOLOMITIC LIMESTONE
210,DOLOMITE,DIATOMITE,BASEMENT,CHALKY LIMESTONE,DOLOMITE,14.0,10.15,2960.5,345.0,337.5,CHERT
211,SANDSTONE,CHALKY LIMESTONE,CONGLOMERATE,DOLOMITE,CHALK,1.305,5.05,6288.5,475.0,337.5,DIATOMITE
212,LIMESTONE,DIATOMITE,CHERT,CHALK,DOLOMITE,1.305,5.05,7513.5,7000.0,1700.5,CHERT
213,BASEMENT,DIATOMITE,CHALKY LIMESTONE,DOLOMITE,CHALK,1.305,10.15,4089.999999999999,7000.0,1700.5,SANDSTONE
214,DOLOMITE,DIATOMITE,CHALKY LIMESTONE,DOLOMITE,CHALKY LIMESTONE,5.3,10.15,10170.0,676.9999999999999,140.0,DOLOMITIC LIMESTONE
215,LIMESTONE,DIATOMITE,BASEMENT,CHALKY LIMESTONE,DOLOMITE,1.305,5.05,10170.0,676.9999999999999,140.0,CHALKY LIMESTONE
216,LOW-RESISTIVITY SANDSTONE,DIATOMITE,BASEMENT,DOLOMITIC LIMESTONE,DIATOMITE,850.0,22.75,7513.5,46.5,11.5,CHERT
217,SHALY SANDSTONE,DIATOMITE,CHALKY LIMESTONE,DOLOMITE,CHALK,35.0,17.5,8763.5,676.9999999999999,337.5,SANDSTONE
218,CHALK,DIATOMITE,CHALKY LIMESTONE,CHERT,CHALK,1.305,41.5,5153.499999999999,345.0,205.0,SANDSTONE
219,SANDSTONE,DIATOMITE,BASEMENT,CHERT,BASEMENT,35.0,10.15,8763.5,7000.0,205.0,DOLOMITIC LIMESTONE
220,DOLOMITE,DIATOMITE,BASEMENT,CHALKY LIMESTONE,DOLOMITE,14.0,15.0,4089.999999999999,475.0,337.5,CHERT
221,DOLOMITE,CHALKY LIMESTONE,CONGLOMERATE,DOLOMITE,BASEMENT,75.0,10.15,6288.5,7000.0,140.0,LIMESTONE
222,SANDSTONE,CHALKY LIMESTONE,BASEMENT,CHALKY LIMESTONE,DOLOMITE,1.305,5.05,5153.499999999999,345.0,11.5,CONGLOMERATE
223,SANDSTONE,DIATOMITE,BASEMENT,CHALKY LIMESTONE,DOLOMITE,35.0,17.5,7513.5,160.0,71.5,CHERT
224,SANDSTONE,DIATOMITE,BASEMENT,CHERT,CHERT,35.0,17.5,5153.499999999999,101.0,11.5,DIATOMITE
225,LOW-RESISTIVITY SANDSTONE,CHALKY LIMESTONE,CHALKY LIMESTONE,DOLOMITE,CHALK,850.0,22.75,1320.5,7000.0,337.5,CHERT
226,DOLOMITE,DIATOMITE,CHALKY LIMESTONE,DOLOMITE,BASEMENT,75.0,17.5,8763.5,7000.0,205.0,CHERT
227,CHALKY LIMESTONE,DIATOMITE,DIATOMITE,SANDSTONE,CONGLOMERATE,850.0,41.5,7513.5,676.9999999999999,101.5,DOLOMITIC LIMESTONE
228,SANDSTONE,DIATOMITE,BASEMENT,CHALKY LIMESTONE,CHERT,361.0,17.5,4089.999999999999,245.0,11.5,CHALKY LIMESTONE
229,SANDSTONE,CHALKY LIMESTONE,BASEMENT,CHALKY LIMESTONE,DOLOMITE,850.0,41.5,15389.0,46.5,11.5,GLAUCONITIC SANDSTONE
230,SANDSTONE,DIATOMITE,CONGLOMERATE,CONGLOMERATE,CONGLOMERATE,5.3,12.65,15389.0,245.0,71.5,LIMESTONE
231,SANDSTONE,DIATOMITE,BASEMENT,CHERT,DOLOMITE,4350.0,41.5,7513.5,160.0,140.0,CONGLOMERATE
232,SANDSTONE,DIATOMITE,BASEMENT,CHALKY LIMESTONE,DOLOMITE,14.0,22.75,4089.999999999999,46.5,29.75,CHERT
233,SANDSTONE,DIATOMITE,BASEMENT,GLAUCONITIC SANDSTONE,CHERT,161.0,10.15,1320.5,46.5,48.25,DIATOMITE
234,SANDSTONE,DIATOMITE,BASEMENT,CHALKY LIMESTONE,DOLOMITE,35.0,22.75,4089.999999999999,46.5,29.75,SANDSTONE
235,SANDSTONE,DIATOMITE,BASEMENT,CHALKY LIMESTONE,DOLOMITE,850.0,41.5,1320.5,46.5,48.25,CHALKY LIMESTONE
236,LIMESTONE,DIATOMITE,DIATOMITE,SANDSTONE,BASEMENT,4350.0,17.5,15389.0,1152.0,337.5,CHERT
237,LIMESTONE,DIATOMITE,BASEMENT,GLAUCONITIC SANDSTONE,CHERT,35.0,22.75,6288.5,7000.0,205.0,CHALKY LIMESTONE
238,SANDSTONE,DIATOMITE,BASEMENT,CHALKY LIMESTONE,DOLOMITE,4350.0,41.5,1320.5,46.5,29.75,CHERT
239,DOLOMITIC LIMESTONE,DIATOMITE,BASEMENT,CHALKY LIMESTONE,DOLOMITE,5.3,10.15,2960.5,1152.0,101.5,DOLOMITIC LIMESTONE
240,SANDSTONE,DIATOMITE,BASEMENT,CHALKY LIMESTONE,DOLOMITE,14.0,15.0,6288.5,46.5,48.25,CONGLOMERATE
241,SANDSTONE,DIATOMITE,CONGLOMERATE,CONGLOMERATE,CHALKY LIMESTONE,850.0,22.75,1320.5,101.0,71.5,LIMESTONE
242,SANDSTONE,DIATOMITE,CHALKY LIMESTONE,BASEMENT,CHALKY LIMESTONE,361.0,20.0,4089.999999999999,475.0,337.5,LIMESTONE
243,DOLOMITE,DIATOMITE,CHERT,DOLOMITIC LIMESTONE,DOLOMITE,5.3,5.05,10170.0,245.0,29.75,DIATOMITE
244,LIMESTONE,DIATOMITE,BASEMENT,CHERT,DOLOMITE,35.0,5.05,8763.5,160.0,101.5,SANDSTONE
245,LIMESTONE,DIATOMITE,CONGLOMERATE,DOLOMITE,BASEMENT,35.0,10.15,5153.499999999999,1152.0,71.5,CHERT
246,LOW-RESISTIVITY SANDSTONE,CONGLOMERATE,CHALKY LIMESTONE,DIATOMITE,BASEMENT,5.3,12.65,6288.5,676.9999999999999,205.0,CHERT
247,CONGLOMERATE,DIATOMITE,CONGLOMERATE,CONGLOMERATE,CHALKY LIMESTONE,75.0,15.0,8763.5,345.0,205.0,DIATOMITE
248,SANDSTONE,DIATOMITE,BASEMENT,CHERT,CHERT,35.0,12.65,7513.5,46.5,11.5,CHERT
249,LIMESTONE,DIATOMITE,BASEMENT,CHALKY LIMESTONE,DOLOMITE,14.0,10.15,5153.499999999999,245.0,205.0,DIATOMITE
250,SANDSTONE,DIATOMITE,CHALKY LIMESTONE,DOLOMITE,BASEMENT,4350.0,26.25,1320.5,7000.0,1700.5,CHERT
251,LIMESTONE,DIATOMITE,CONGLOMERATE,DOLOMITE,CHALKY LIMESTONE,1.305,5.05,6288.5,1152.0,71.5,LIMESTONE
252,DOLOMITE,CHERT,DIATOMITE,CHERT,DOLOMITE,1.305,5.05,8763.5,245.0,337.5,SILTSTONE
253,SANDSTONE,DIATOMITE,BASEMENT,CHALKY LIMESTONE,CHALK,4350.0,26.25,2960.5,245.0,140.0,SANDSTONE
254,SANDSTONE,DIATOMITE,DIATOMITE,CHERT,DOLOMITE,75.0,26.25,1320.5,46.5,11.5,CONGLOMERATE
255,SANDSTONE,DIATOMITE,BASEMENT,DOLOMITIC LIMESTONE,DIATOMITE,4350.0,26.25,4089.999999999999,245.0,48.25,CHERT
256,LIMESTONE,CHERT,CHALKY LIMESTONE,DOLOMITE,CHALKY LIMESTONE,14.0,10.15,7513.5,345.0,205.0,LIMESTONE
257,SANDSTONE,DIATOMITE,CONGLOMERATE,BASEMENT,CHALKY LIMESTONE,850.0,17.5,7513.5,475.0,101.5,LIMESTONE
258,SANDSTONE,DIATOMITE,CHALKY LIMESTONE,DOLOMITE,CHALK,161.0,10.15,8763.5,676.9999999999999,337.5,SILTSTONE
259,DOLOMITIC LIMESTONE,DIATOMITE,DOLOMITIC LIMESTONE,SANDSTONE,CHALKY LIMESTONE,850.0,15.0,4089.999999999999,46.5,29.75,DOLOMITIC LIMESTONE
260,SANDSTONE,DIATOMITE,BASEMENT,LOW-RESISTIVITY SANDSTONE,CHALKY LIMESTONE,850.0,26.25,1320.5,7000.0,1700.5,LIMESTONE
261,LOW-RESISTIVITY SANDSTONE,DIATOMITE,BASEMENT,LIMESTONE,DOLOMITE,161.0,26.25,15389.0,46.5,29.75,SANDSTONE
262,SANDSTONE,CHALKY LIMESTONE,CHALKY LIMESTONE,DOLOMITE,BASEMENT,361.0,17.5,10170.0,345.0,71.5,CHERT
263,LIMESTONE,DIATOMITE,BASEMENT,CHALKY LIMESTONE,DIATOMITE,75.0,22.75,4089.999999999999,676.9999999999999,140.0,DIATOMITE
264,LIMESTONE,CHALKY LIMESTONE,BASEMENT,LIMESTONE,DOLOMITE,35.0,17.5,6288.5,676.9999999999999,337.5,CHERT
265,LIMESTONE,DIATOMITE,BASEMENT,CHALKY LIMESTONE,DOLOMITE,1.305,12.65,6288.5,160.0,71.5,CHERT
266,SANDSTONE,DIATOMITE,BASEMENT,CHALKY LIMESTONE,DOLOMITE,75.0,20.0,6288.5,46.5,29.75,CONGLOMERATE
267,SANDSTONE,CHERT,CONGLOMERATE,CONGLOMERATE,CHALKY LIMESTONE,4350.0,17.5,8763.5,1152.0,71.5,CHERT
268,DOLOMITE,CHALKY LIMESTONE,CHALKY LIMESTONE,DOLOMITE,CHALKY LIMESTONE,1.305,5.05,4089.999999999999,676.9999999999999,337.5,DOLOMITIC LIMESTONE
269,CHALK,CHALKY LIMESTONE,CONGLOMERATE,CONGLOMERATE,CHERT,361.0,26.25,2960.5,245.0,71.5,DOLOMITIC LIMESTONE
270,SANDSTONE,DIATOMITE,BASEMENT,CHALKY LIMESTONE,DOLOMITE,161.0,15.0,6288.5,46.5,29.75,SANDSTONE
271,SHALY SANDSTONE,DIATOMITE,CHALKY LIMESTONE,DOLOMITE,BASEMENT,4350.0,22.75,4089.999999999999,676.9999999999999,337.5,CHERT
272,LIMESTONE,DIATOMITE,BASEMENT,CHALKY LIMESTONE,DOLOMITE,35.0,17.5,7513.5,160.0,140.0,CHERT
273,SANDSTONE,DIATOMITE,BASEMENT,CHALKY LIMESTONE,DOLOMITE,4350.0,17.5,4089.999999999999,101.0,71.5,GLAUCONITIC SANDSTONE
274,LOW-RESISTIVITY SANDSTONE,DIATOMITE,CHERT,DOLOMITIC LIMESTONE,DOLOMITE,161.0,22.75,4089.999999999999,245.0,140.0,CHERT
275,LIMESTONE,CHALKY LIMESTONE,BASEMENT,DOLOMITIC LIMESTONE,DIATOMITE,5.3,5.05,4089.999999999999,101.0,11.5,CHERT
276,DOLOMITE,CHALKY LIMESTONE,BASEMENT,CHALKY LIMESTONE,DOLOMITE,1.305,5.05,15389.0,245.0,48.25,SANDSTONE
277,LIMESTONE,DIATOMITE,CONGLOMERATE,CONGLOMERATE,CHALKY LIMESTONE,35.0,10.15,1320.5,160.0,11.5,CHALKY LIMESTONE
278,SANDSTONE,DIATOMITE,BASEMENT,CHALKY LIMESTONE,CHALKY LIMESTONE,361.0,20.0,5153.499999999999,1152.0,1700.5,SHALE
279,SANDSTONE,DIATOMITE,CHERT,CHALK,BASEMENT,4350.0,41.5,10170.0,160.0,101.5,CHERT
280,SANDSTONE,DIATOMITE,CHALKY LIMESTONE,DOLOMITE,BASEMENT,4350.0,41.5,4089.999999999999,7000.0,140.0,CHERT
281,LIMESTONE,DIATOMITE,CHALKY LIMESTONE,GLAUCONITIC SANDSTONE,BASEMENT,35.0,22.75,7513.5,7000.0,29.75,CHERT
282,SANDSTONE,DIATOMITE,CONGLOMERATE,DOLOMITE,BASEMENT,4350.0,22.75,7513.5,7000.0,1700.5,LOW-RESISTIVITY SANDSTONE
283,LIMESTONE,DIATOMITE,BASEMENT,CHERT,DOLOMITE,1.305,12.65,10170.0,345.0,337.5,CHERT
284,VOLCANICS,DIATOMITE,BASEMENT,CHERT,CHALKY LIMESTONE,5.3,12.65,8763.5,245.0,140.0,LIMESTONE
285,THINLY-BEDDED SANDSTONE,DIATOMITE,CONGLOMERATE,DOLOMITIC LIMESTONE,CHALK,361.0,41.5,8763.5,676.9999999999999,101.5,DIATOMITE
286,DOLOMITE,DIATOMITE,CONGLOMERATE,CONGLOMERATE,BASEMENT,1.305,5.05,8763.5,160.0,71.5,CHALKY LIMESTONE
287,CHALK,CHALKY LIMESTONE,CHALKY LIMESTONE,CHALKY LIMESTONE,DOLOMITE,4350.0,41.5,5153.499999999999,101.0,29.75,CHERT
288,SANDSTONE,DIATOMITE,BASEMENT,CHERT,CHERT,361.0,12.65,7513.5,345.0,337.5,CHALKY LIMESTONE
289,SANDSTONE,DIATOMITE,CHALKY LIMESTONE,DOLOMITE,CHALK,4350.0,41.5,6288.5,160.0,71.5,SILTSTONE
290,SANDSTONE,DIATOMITE,CHALKY LIMESTONE,DOLOMITE,CHALK,4350.0,41.5,5153.499999999999,475.0,337.5,CHERT
291,SANDSTONE,CHALKY LIMESTONE,BASEMENT,DOLOMITIC LIMESTONE,DIATOMITE,14.0,22.75,2960.5,160.0,101.5,CHERT
292,DOLOMITE,CHALKY LIMESTONE,CONGLOMERATE,CONGLOMERATE,CHERT,5.3,10.15,15389.0,101.0,71.5,CHERT
293,SANDSTONE,DIATOMITE,BASEMENT,DOLOMITIC LIMESTONE,DIATOMITE,4350.0,41.5,4089.999999999999,245.0,48.25,CHERT
294,SANDSTONE,DIATOMITE,BASEMENT,CHALKY LIMESTONE,DOLOMITE,161.0,17.5,7513.5,101.0,71.5,LIMESTONE
295,SANDSTONE,DIATOMITE,BASEMENT,CHERT,DOLOMITE,35.0,15.0,8763.5,160.0,29.75,SANDSTONE
296,SANDSTONE,DIATOMITE,CHERT,CHALK,DOLOMITE,361.0,22.75,7513.5,475.0,1700.5,SANDSTONE
297,CHALK,CHALKY LIMESTONE,CHALKY LIMESTONE,DOLOMITE,CHALKY LIMESTONE,14.0,12.65,5153.499999999999,676.9999999999999,71.5,SILTSTONE
298,SANDSTONE,DIATOMITE,CONGLOMERATE,DOLOMITE,BASEMENT,75.0,15.0,8763.5,7000.0,101.5,CHERT
299,SANDSTONE,DIATOMITE,CONGLOMERATE,BASEMENT,CHALKY LIMESTONE,1.305,5.05,5153.499999999999,475.0,1700.5,DOLOMITIC LIMESTONE
300,SANDSTONE,CHALKY LIMESTONE,BASEMENT,CHERT,DOLOMITE,161.0,17.5,4089.999999999999,46.5,11.5,DIATOMITE
301,DOLOMITE,DIATOMITE,BASEMENT,CHERT,DOLOMITE,1.305,5.05,7513.5,101.0,48.25,CHERT
302,DOLOMITE,DIATOMITE,BASEMENT,LOW-RESISTIVITY SANDSTONE,CHALKY LIMESTONE,5.3,15.0,5153.499999999999,676.9999999999999,140.0,CHALKY LIMESTONE
303,GLAUCONITIC SANDSTONE,DIATOMITE,CONGLOMERATE,DOLOMITIC LIMESTONE,CHALK,4350.0,26.25,2960.5,475.0,1700.5,DIATOMITE
304,SANDSTONE,CHALKY LIMESTONE,CONGLOMERATE,CONGLOMERATE,CHALKY LIMESTONE,850.0,17.5,6288.5,345.0,205.0,LIMESTONE
305,DOLOMITE,DIATOMITE,BASEMENT,CHALKY LIMESTONE,DOLOMITE,5.3,5.05,5153.499999999999,1152.0,140.0,CHALKY LIMESTONE
306,SANDSTONE,DIATOMITE,DIATOMITE,CHERT,DOLOMITE,850.0,17.5,8763.5,46.5,48.25,SANDSTONE
307,SANDSTONE,DIATOMITE,BASEMENT,DOLOMITIC LIMESTONE,DIATOMITE,850.0,26.25,4089.999999999999,245.0,29.75,CHALKY LIMESTONE
308,SANDSTONE,DIATOMITE,CHALKY LIMESTONE,DOLOMITE,CHALKY LIMESTONE,4350.0,26.25,6288.5,1152.0,1700.5,LIMESTONE
309,CHALKY LIMESTONE,DIATOMITE,BASEMENT,CHALKY LIMESTONE,DOLOMITE,75.0,17.5,8763.5,345.0,101.5,SANDSTONE
310,SANDSTONE,DIATOMITE,CHERT,CHALK,DOLOMITE,161.0,12.65,8763.5,475.0,140.0,CONGLOMERATE
311,LIMESTONE,DIATOMITE,CHALKY LIMESTONE,GLAUCONITIC SANDSTONE,BASEMENT,35.0,17.5,1320.5,475.0,205.0,LOW-RESISTIVITY SANDSTONE
312,SANDSTONE,DIATOMITE,BASEMENT,CHALKY LIMESTONE,DOLOMITE,850.0,17.5,2960.5,101.0,71.5,SANDSTONE
313,SANDSTONE,DIATOMITE,CONGLOMERATE,CONGLOMERATE,CHALKY LIMESTONE,4350.0,41.5,1320.5,7000.0,205.0,CHERT
314,DOLOMITE,CHERT,BASEMENT,CHERT,BASEMENT,1.305,5.05,8763.5,101.0,71.5,CHERT
315,SANDSTONE,DIATOMITE,DIATOMITE,SANDSTONE,CONGLOMERATE,161.0,22.75,7513.5,475.0,101.5,CHERT
316,DOLOMITE,DIATOMITE,BASEMENT,CHALKY LIMESTONE,DOLOMITE,5.3,10.15,2960.5,475.0,1700.5,CHALKY LIMESTONE
317,SANDSTONE,CHALKY LIMESTONE,CONGLOMERATE,DOLOMITE,CHALKY LIMESTONE,14.0,10.15,8763.5,245.0,48.25,DOLOMITIC LIMESTONE
318,CHALK,DIATOMITE,CHERT,DOLOMITIC LIMESTONE,CONGLOMERATE,14.0,10.15,7513.5,676.9999999999999,205.0,DOLOMITIC LIMESTONE
319,SANDSTONE,CHALKY LIMESTONE,CHERT,CHALK,DOLOMITE,1.305,10.15,15389.0,7000.0,1700.5,CHERT
320,SANDSTONE,DIATOMITE,CHALKY LIMESTONE,DOLOMITE,DOLOMITE,14.0,22.75,7513.5,1152.0,205.0,DOLOMITIC LIMESTONE
321,LIMESTONE,CHERT,BASEMENT,CHALKY LIMESTONE,DIATOMITE,4350.0,22.75,1320.5,160.0,101.5,DIATOMITE
322,DOLOMITE,CHALKY LIMESTONE,DIATOMITE,CHERT,DOLOMITE,5.3,12.65,1320.5,676.9999999999999,48.25,CHERT
323,DOLOMITE,DIATOMITE,BASEMENT,CHERT,DOLOMITE,14.0,5.05,7513.5,46.5,29.75,CHERT
324,SANDSTONE,DIATOMITE,BASEMENT,CHALKY LIMESTONE,DOLOMITE,4350.0,41.5,1320.5,46.5,29.75,CHERT
325,SANDSTONE,DIATOMITE,BASEMENT,LIMESTONE,DOLOMITE,75.0,12.65,10170.0,1152.0,337.5,CHERT
326,SANDSTONE,DIATOMITE,CONGLOMERATE,DOLOMITIC LIMESTONE,CHALK,361.0,22.75,6288.5,475.0,101.5,DIATOMITE
327,DOLOMITE,CHERT,BASEMENT,CHALKY LIMESTONE,DOLOMITE,161.0,10.15,15389.0,160.0,11.5,CONGLOMERATE
328,SANDSTONE,DIATOMITE,BASEMENT,CHALKY LIMESTONE,DOLOMITE,1.305,10.15,7513.5,46.5,48.25,CONGLOMERATE
329,SHALY SANDSTONE,DIATOMITE,CHALKY LIMESTONE,DOLOMITE,BASEMENT,1.305,12.65,4089.999999999999,46.5,29.75,CHERT
330,SANDSTONE,CHERT,CHALKY LIMESTONE,GLAUCONITIC SANDSTONE,BASEMENT,361.0,22.75,2960.5,46.5,11.5,CHERT
331,SANDSTONE,DIATOMITE,CONGLOMERATE,CONGLOMERATE,CHERT,850.0,17.5,1320.5,101.0,71.5,DOLOMITIC LIMESTONE
332,SANDSTONE,DIATOMITE,CHALKY LIMESTONE,DOLOMITE,CHALK,161.0,22.75,7513.5,245.0,205.0,DIATOMITE
333,DOLOMITE,DIATOMITE,CHERT,DOLOMITIC LIMESTONE,CONGLOMERATE,161.0,10.15,8763.5,101.0,71.5,DOLOMITIC LIMESTONE
334,SANDSTONE,DIATOMITE,CONGLOMERATE,CONGLOMERATE,CHALK,850.0,20.0,7513.5,101.0,71.5,CHERT
335,SANDSTONE,DIATOMITE,DIATOMITE,SANDSTONE,DOLOMITE,14.0,20.0,4089.999999999999,676.9999999999999,205.0,CHERT
336,SANDSTONE,DIATOMITE,BASEMENT,CHERT,CHERT,35.0,10.15,8763.5,46.5,29.75,DOLOMITIC LIMESTONE
337,SANDSTONE,DIATOMITE,BASEMENT,CHALKY LIMESTONE,DOLOMITE,5.3,10.15,7513.5,101.0,71.5,SANDSTONE
338,DOLOMITE,DIATOMITE,BASEMENT,CHALKY LIMESTONE,DOLOMITE,75.0,10.15,5153.499999999999,475.0,205.0,CONGLOMERATE
339,SANDSTONE,DIATOMITE,BASEMENT,CHALKY LIMESTONE,DOLOMITE,75.0,17.5,2960.5,46.5,29.75,CONGLOMERATE
340,SANDSTONE,DIATOMITE,BASEMENT,CHALKY LIMESTONE,DOLOMITE,161.0,22.75,2960.5,46.5,11.5,DIATOMITE
341,LIMESTONE,CHALKY LIMESTONE,BASEMENT,CHALKY LIMESTONE,DOLOMITE,35.0,10.15,15389.0,345.0,140.0,SANDSTONE
342,SANDSTONE,DIATOMITE,BASEMENT,LOW-RESISTIVITY SANDSTONE,CHALKY LIMESTONE,4350.0,22.75,5153.499999999999,676.9999999999999,1700.5,DOLOMITIC LIMESTONE
343,SANDSTONE,DIATOMITE,BASEMENT,DOLOMITIC LIMESTONE,DIATOMITE,4350.0,41.5,4089.999999999999,245.0,101.5,CHERT
344,DOLOMITE,DIATOMITE,BASEMENT,LOW-RESISTIVITY SANDSTONE,CONGLOMERATE,850.0,26.25,8763.5,676.9999999999999,1700.5,DOLOMITIC LIMESTONE
345,LIMESTONE,DIATOMITE,BASEMENT,CHALKY LIMESTONE,DOLOMITE,75.0,10.15,10170.0,245.0,48.25,SANDSTONE
346,SANDSTONE,DIATOMITE,CONGLOMERATE,CONGLOMERATE,CHALKY LIMESTONE,4350.0,26.25,4089.999999999999,7000.0,205.0,LIMESTONE
347,SANDSTONE,DIATOMITE,BASEMENT,CHALKY LIMESTONE,DOLOMITE,14.0,10.15,6288.5,101.0,71.5,DOLOMITIC LIMESTONE
348,SANDSTONE,DIATOMITE,BASEMENT,CHALKY LIMESTONE,DOLOMITE,75.0,26.25,2960.5,101.0,11.5,SANDSTONE
349,LIMESTONE,DIATOMITE,CONGLOMERATE,CONGLOMERATE,CHALKY LIMESTONE,14.0,17.5,2960.5,160.0,48.25,CHERT
350,SANDSTONE,DIATOMITE,CHERT,DOLOMITIC LIMESTONE,DOLOMITE,850.0,41.5,4089.999999999999,475.0,48.25,CHERT
351,SANDSTONE,DIATOMITE,CHALKY LIMESTONE,GLAUCONITIC SANDSTONE,BASEMENT,161.0,17.5,7513.5,1152.0,1700.5,SILTSTONE
352,SANDSTONE,DIATOMITE,BASEMENT,DOLOMITIC LIMESTONE,DIATOMITE,850.0,22.75,6288.5,245.0,140.0,CHERT
353,SANDSTONE,DIATOMITE,CHERT,DOLOMITIC LIMESTONE,DIATOMITE,4350.0,41.5,4089.999999999999,245.0,71.5,CHERT
354,THINLY-BEDDED SANDSTONE,DIATOMITE,CHALKY LIMESTONE,DOLOMITE,BASEMENT,35.0,12.65,15389.0,345.0,140.0,CHERT
355,CONGLOMERATE,DIATOMITE,BASEMENT,CHALKY LIMESTONE,DOLOMITE,161.0,10.15,6288.5,1152.0,101.5,LIMESTONE
356,SANDSTONE,DIATOMITE,CHERT,DOLOMITIC LIMESTONE,DIATOMITE,850.0,41.5,5153.499999999999,245.0,71.5,DIATOMITE
357,LIMESTONE,DIATOMITE,CONGLOMERATE,DOLOMITE,CHALKY LIMESTONE,35.0,26.25,6288.5,7000.0,337.5,DOLOMITIC LIMESTONE
358,SANDSTONE,DIATOMITE,BASEMENT,CHALKY LIMESTONE,DIATOMITE,4350.0,41.5,1320.5,676.9999999999999,48.25,CHERT
359,DOLOMITE,DIATOMITE,CONGLOMERATE,CHALKY LIMESTONE,DOLOMITE,5.3,15.0,4089.999999999999,46.5,48.25,CONGLOMERATE
360,SANDSTONE,DIATOMITE,BASEMENT,CHERT,CHERT,35.0,15.0,8763.5,46.5,48.25,CHERT
361,SANDSTONE,DIATOMITE,CONGLOMERATE,DOLOMITE,CHALKY LIMESTONE,4350.0,41.5,4089.999999999999,676.9999999999999,337.5,LIMESTONE
362,SANDSTONE,CHALKY LIMESTONE,CHALKY LIMESTONE,GLAUCONITIC SANDSTONE,BASEMENT,361.0,22.75,2960.5,1152.0,205.0,DOLOMITIC LIMESTONE
363,SANDSTONE,DIATOMITE,CONGLOMERATE,BASEMENT,CHALKY LIMESTONE,4350.0,26.25,15389.0,475.0,205.0,LIMESTONE
364,THINLY-BEDDED SANDSTONE,DIATOMITE,CHALKY LIMESTONE,DOLOMITE,CHALK,361.0,41.5,15389.0,475.0,101.5,CHERT
365,SANDSTONE,DIATOMITE,BASEMENT,CHALKY LIMESTONE,DOLOMITE,4350.0,26.25,2960.5,101.0,71.5,CHALKY LIMESTONE
366,DOLOMITE,CHERT,CONGLOMERATE,DOLOMITE,CHALKY LIMESTONE,1.305,5.05,7513.5,345.0,337.5,CHERT
367,SANDSTONE,CHERT,BASEMENT,GLAUCONITIC SANDSTONE,CHERT,161.0,22.75,15389.0,46.5,11.5,CHALKY LIMESTONE
368,LIMESTONE,DIATOMITE,CHALKY LIMESTONE,DOLOMITE,CHALK,14.0,22.75,5153.499999999999,7000.0,1700.5,DIATOMITE
369,DOLOMITE,DIATOMITE,BASEMENT,CHALKY LIMESTONE,DIATOMITE,850.0,26.25,15389.0,676.9999999999999,1700.5,CHERT
370,SANDSTONE,DIATOMITE,BASEMENT,CHERT,DOLOMITE,5.3,10.15,8763.5,46.5,11.5,CHERT
371,LIMESTONE,DIATOMITE,CONGLOMERATE,CHERT,CHALKY LIMESTONE,35.0,10.15,1320.5,7000.0,1700.5,DOLOMITIC LIMESTONE
372,LIMESTONE,DIATOMITE,CHALKY LIMESTONE,DIATOMITE,CHALKY LIMESTONE,14.0,15.0,15389.0,7000.0,71.5,CHERT
373,LIMESTONE,DIATOMITE,BASEMENT,CHALKY LIMESTONE,DOLOMITE,35.0,17.5,6288.5,160.0,140.0,DIATOMITE
374,SANDSTONE,DIATOMITE,CONGLOMERATE,DOLOMITE,CHALKY LIMESTONE,4350.0,41.5,4089.999999999999,160.0,101.5,DOLOMITIC LIMESTONE
375,SANDSTONE,DIATOMITE,DIATOMITE,SANDSTONE,BASEMENT,850.0,17.5,7513.5,245.0,205.0,CHALK
376,THINLY-BEDDED SANDSTONE,CHALKY LIMESTONE,CONGLOMERATE,CONGLOMERATE,CHERT,1.305,10.15,10170.0,101.0,29.75,CHALKY LIMESTONE
377,DOLOMITE,DIATOMITE,CONGLOMERATE,DOLOMITE,BASEMENT,850.0,26.25,7513.5,160.0,101.5,CHALK
378,SANDSTONE,DIATOMITE,BASEMENT,LIMESTONE,DOLOMITE,4350.0,22.75,15389.0,245.0,48.25,SANDSTONE
379,SANDSTONE,CHERT,BASEMENT,CHALKY LIMESTONE,DIATOMITE,5.3,10.15,5153.499999999999,475.0,101.5,CHERT
380,SANDSTONE,DIATOMITE,CHERT,CHALK,DOLOMITE,850.0,41.5,8763.5,475.0,101.5,DOLOMITIC LIMESTONE
381,SANDSTONE,DIATOMITE,CHERT,DOLOMITIC LIMESTONE,DOLOMITE,850.0,17.5,10170.0,245.0,71.5,CHERT
382,SANDSTONE,DIATOMITE,BASEMENT,LOW-RESISTIVITY SANDSTONE,DOLOMITE,75.0,17.5,10170.0,7000.0,71.5,CHALKY LIMESTONE
383,SANDSTONE,CHALKY LIMESTONE,BASEMENT,CHALKY LIMESTONE,DOLOMITE,850.0,26.25,1320.5,101.0,11.5,SILTSTONE
384,CHALK,DIATOMITE,BASEMENT,CHALKY LIMESTONE,DOLOMITE,361.0,26.25,4089.999999999999,475.0,29.75,CHERT
385,SANDSTONE,DIATOMITE,BASEMENT,DOLOMITIC LIMESTONE,DIATOMITE,4350.0,26.25,2960.5,245.0,11.5,CHERT
386,DOLOMITE,DIATOMITE,BASEMENT,SANDSTONE,DOLOMITE,35.0,15.0,4089.999999999999,46.5,29.75,CHERT
387,SANDSTONE,DIATOMITE,CONGLOMERATE,CONGLOMERATE,CHALKY LIMESTONE,35.0,12.65,8763.5,7000.0,1700.5,LIMESTONE
388,SANDSTONE,DIATOMITE,BASEMENT,CHALKY LIMESTONE,DIATOMITE,4350.0,41.5,1320.5,676.9999999999999,337.5,CHERT
389,LOW-RESISTIVITY SANDSTONE,DIATOMITE,CHALKY LIMESTONE,DOLOMITE,DOLOMITE,4350.0,41.5,1320.5,7000.0,71.5,CHALKY LIMESTONE
390,SANDSTONE,CHALKY LIMESTONE,CONGLOMERATE,BASEMENT,CHALKY LIMESTONE,850.0,17.5,2960.5,7000.0,1700.5,CHERT
391,CONGLOMERATE,DIATOMITE,BASEMENT,LOW-RESISTIVITY SANDSTONE,CONGLOMERATE,35.0,15.0,2960.5,676.9999999999999,1700.5,DOLOMITIC LIMESTONE
392,SANDSTONE,CHALKY LIMESTONE,BASEMENT,CHALKY LIMESTONE,DOLOMITE,35.0,20.0,2960.5,101.0,71.5,DIATOMITE
393,SANDSTONE,DIATOMITE,BASEMENT,SANDSTONE,DOLOMITE,1.305,12.65,8763.5,676.9999999999999,205.0,CHERT
394,LIMESTONE,DIATOMITE,BASEMENT,CHALKY LIMESTONE,DOLOMITE,35.0,20.0,2960.5,160.0,48.25,SHALY SANDSTONE
395,SANDSTONE,CHALKY LIMESTONE,BASEMENT,CHERT,CHERT,361.0,15.0,5153.499999999999,245.0,48.25,CHALKY LIMESTONE
396,SANDSTONE,CHERT,BASEMENT,LIMESTONE,DOLOMITE,35.0,20.0,2960.5,1152.0,1700.5,DIATOMITE
397,LOW-RESISTIVITY SANDSTONE,DIATOMITE,BASEMENT,CHALKY LIMESTONE,CHERT,161.0,22.75,5153.499999999999,676.9999999999999,337.5,CONGLOMERATE
398,LIMESTONE,DIATOMITE,CHERT,DOLOMITIC LIMESTONE,DIATOMITE,35.0,20.0,10170.0,160.0,29.75,DIATOMITE
399,DOLOMITE,DIATOMITE,BASEMENT,CHALKY LIMESTONE,DOLOMITE,14.0,5.05,6288.5,345.0,205.0,CHERT
400,DOLOMITE,DIATOMITE,CHALKY LIMESTONE,DOLOMITE,CHALK,14.0,12.65,7513.5,46.5,29.75,DIATOMITE
401,SANDSTONE,DIATOMITE,BASEMENT,CHALKY LIMESTONE,DOLOMITE,75.0,20.0,1320.5,101.0,11.5,LIMESTONE
402,DOLOMITIC LIMESTONE,DIATOMITE,CHALKY LIMESTONE,DOLOMITE,DOLOMITE,5.3,10.15,15389.0,7000.0,71.5,LIMESTONE
403,SANDSTONE,DIATOMITE,CHALKY LIMESTONE,DOLOMITE,CHALKY LIMESTONE,4350.0,41.5,6288.5,676.9999999999999,101.5,DOLOMITIC LIMESTONE
404,LIMESTONE,DIATOMITE,CONGLOMERATE,DOLOMITE,CHALKY LIMESTONE,1.305,10.15,1320.5,7000.0,140.0,DIATOMITE
405,SANDSTONE,DIATOMITE,CHALKY LIMESTONE,GLAUCONITIC SANDSTONE,BASEMENT,850.0,17.5,7513.5,245.0,101.5,CHALK
406,CHALK,CHALKY LIMESTONE,BASEMENT,CHERT,CHERT,361.0,22.75,10170.0,475.0,140.0,SHALE
407,SANDSTONE,CHERT,CHERT,DOLOMITIC LIMESTONE,DOLOMITE,1.305,12.65,7513.5,345.0,71.5,CHALKY LIMESTONE
408,LIMESTONE,CHALKY LIMESTONE,CONGLOMERATE,CONGLOMERATE,CHERT,1.305,5.05,7513.5,7000.0,1700.5,DIATOMITE
409,THINLY-BEDDED SANDSTONE,DIATOMITE,BASEMENT,CHALKY LIMESTONE,DOLOMITE,75.0,20.0,5153.499999999999,101.0,11.5,CONGLOMERATE
410,SANDSTONE,CHALKY LIMESTONE,CHALKY LIMESTONE,DIATOMITE,CHALKY LIMESTONE,14.0,12.65,4089.999999999999,101.0,29.75,DOLOMITIC LIMESTONE
411,LOW-RESISTIVITY SANDSTONE,DIATOMITE,CHALKY LIMESTONE,DOLOMITE,CHALKY LIMESTONE,75.0,20.0,1320.5,160.0,101.5,CHERT
412,THINLY-BEDDED SANDSTONE,DIATOMITE,CHERT,GLAUCONITIC SANDSTONE,DOLOMITE,4350.0,26.25,6288.5,475.0,101.5,CHALK
413,SANDSTONE,DIATOMITE,BASEMENT,CHALKY LIMESTONE,DOLOMITE,4350.0,41.5,1320.5,345.0,101.5,CHALKY LIMESTONE
414,DOLOMITE,DIATOMITE,CHERT,DOLOMITIC LIMESTONE,DOLOMITE,5.3,5.05,15389.0,46.5,48.25,DIATOMITE
415,SANDSTONE,DIATOMITE,BASEMENT,CHALKY LIMESTONE,DOLOMITE,161.0,20.0,1320.5,101.0,48.25,CHALKY LIMESTONE
416,CHALK,CHALKY LIMESTONE,BASEMENT,LOW-RESISTIVITY SANDSTONE,CHALKY LIMESTONE,1.305,41.5,7513.5,676.9999999999999,140.0,LIMESTONE
417,DOLOMITE,CHALKY LIMESTONE,BASEMENT,CHALKY LIMESTONE,DOLOMITE,5.3,10.15,10170.0,1152.0,29.75,CHERT
418,LOW-RESISTIVITY SANDSTONE,CHERT,BASEMENT,CHALKY LIMESTONE,CONGLOMERATE,161.0,26.25,5153.499999999999,245.0,205.0,CHERT
419,SANDSTONE,DIATOMITE,BASEMENT,CHALKY LIMESTONE,DOLOMITE,361.0,17.5,4089.999999999999,46.5,29.75,SANDSTONE
420,SANDSTONE,DIATOMITE,BASEMENT,CHALKY LIMESTONE,DOLOMITE,850.0,17.5,4089.999999999999,46.5,11.5,CHERT
421,LIMESTONE,DIATOMITE,CONGLOMERATE,DOLOMITE,CHALKY LIMESTONE,850.0,26.25,4089.999999999999,7000.0,205.0,LIMESTONE
422,SANDSTONE,DIATOMITE,BASEMENT,CHERT,CHERT,361.0,41.5,1320.5,345.0,71.5,CHALKY LIMESTONE
423,DOLOMITE,DIATOMITE,BASEMENT,CHALKY LIMESTONE,DOLOMITE,14.0,10.15,5153.499999999999,345.0,205.0,CHALKY LIMESTONE
424,SANDSTONE,CHALKY LIMESTONE,BASEMENT,CHALKY LIMESTONE,DOLOMITE,850.0,17.5,4089.999999999999,46.5,71.5,CHERT
425,THINLY-BEDDED SANDSTONE,DIATOMITE,BASEMENT,LOW-RESISTIVITY SANDSTONE,CHALKY LIMESTONE,4350.0,26.25,10170.0,160.0,48.25,CHERT
426,SILTSTONE,DIATOMITE,DIATOMITE,SANDSTONE,BASEMENT,361.0,20.0,6288.5,475.0,205.0,LIMESTONE
427,SANDSTONE,CHALKY LIMESTONE,CHERT,DIATOMITE,BASEMENT,361.0,41.5,4089.999999999999,1152.0,337.5,LIMESTONE
428,LOW-RESISTIVITY SANDSTONE,DIATOMITE,BASEMENT,CHALKY LIMESTONE,CONGLOMERATE,361.0,17.5,15389.0,7000.0,1700.5,LIMESTONE
429,SANDSTONE,DIATOMITE,BASEMENT,CHALKY LIMESTONE,DOLOMITE,14.0,15.0,6288.5,101.0,29.75,DIATOMITE
430,CHALK,DIATOMITE,CHALKY LIMESTONE,DOLOMITE,BASEMENT,361.0,22.75,8763.5,676.9999999999999,101.5,CHERT
431,THINLY-BEDDED SANDSTONE,DIATOMITE,BASEMENT,CHALKY LIMESTONE,DOLOMITE,75.0,20.0,15389.0,345.0,140.0,SANDSTONE
432,LIMESTONE,DIATOMITE,CHALKY LIMESTONE,CHERT,DOLOMITE,35.0,26.25,1320.5,345.0,205.0,CHERT
433,SANDSTONE,DIATOMITE,CHALKY LIMESTONE,GLAUCONITIC SANDSTONE,BASEMENT,161.0,26.25,5153.499999999999,245.0,48.25,CHERT
434,SANDSTONE,DIATOMITE,BASEMENT,CHALKY LIMESTONE,CHALKY LIMESTONE,75.0,17.5,4089.999999999999,1152.0,1700.5,DOLOMITIC LIMESTONE
435,LOW-RESISTIVITY SANDSTONE,DIATOMITE,BASEMENT,CHALKY LIMESTONE,DOLOMITE,4350.0,41.5,6288.5,46.5,11.5,LIMESTONE
436,SANDSTONE,DIATOMITE,CONGLOMERATE,DOLOMITIC LIMESTONE,CHALK,361.0,17.5,10170.0,475.0,140.0,DIATOMITE
437,DOLOMITE,DIATOMITE,CHALKY LIMESTONE,GLAUCONITIC SANDSTONE,BASEMENT,35.0,15.0,15389.0,475.0,48.25,CHERT
438,LOW-RESISTIVITY SANDSTONE,DIATOMITE,DIATOMITE,CONGLOMERATE,CHERT,5.3,22.75,15389.0,345.0,101.5,CHERT
439,LIMESTONE,DIATOMITE,BASEMENT,CHALKY LIMESTONE,DOLOMITE,75.0,10.15,10170.0,676.9999999999999,101.5,CHERT
440,SANDSTONE,DIATOMITE,BASEMENT,CHALKY LIMESTONE,DOLOMITE,4350.0,17.5,2960.5,101.0,48.25,CHALKY LIMESTONE
441,LIMESTONE,DIATOMITE,BASEMENT,CHALKY LIMESTONE,DOLOMITE,161.0,15.0,7513.5,676.9999999999999,205.0,CONGLOMERATE
